{
    "1": [
        -0.233471
    ],
    "2": [
        0
    ],
    "3": [
        -0.10554
    ],
    "4": [
        -0.205744
    ],
    "5": [
        -0.344701
    ],
    "6": [
        -0.500866
    ],
    "7": [
        -0.266297
    ],
    "8": [
        -0.338381
    ],
    "9": [
        -0.415606
    ],
    "10": [
        -0.498034
    ],
    "11": [
        -0.103415
    ],
    "12": [
        -0.175427
    ],
    "13": [
        -0.286883
    ],
    "14": [
        -0.398139
    ],
    "15": [
        -0.20608
    ],
    "16": [
        -0.261676
    ],
    "17": [
        -0.32038
    ],
    "18": [
        -0.38233
    ],
    "19": [
        -0.088815
    ],
    "20": [
        -0.141411
    ],
    "21": [
        -0.156478
    ],
    "22": [
        -0.167106
    ],
    "23": [
        -0.175968
    ],
    "24": [
        -0.150445
    ],
    "25": [
        -0.191136
    ],
    "26": [
        -0.197978
    ],
    "27": [
        -0.204497
    ],
    "28": [
        -0.210764
    ],
    "29": [
        -0.172056
    ],
    "30": [
        -0.222725
    ],
    "31": [
        -0.328019
    ],
    "32": [
        -0.426523
    ],
    "33": [
        -0.197497
    ],
    "34": [
        -0.245806
    ],
    "35": [
        -0.295334
    ],
    "36": [
        -0.34634
    ],
    "37": [
        -0.085375
    ],
    "38": [
        -0.131793
    ],
    "39": [
        -0.150727
    ],
    "40": [
        -0.162391
    ],
    "41": [
        -0.144272
    ],
    "42": [
        -0.14788
    ],
    "43": [
        -0.183636
    ],
    "44": [
        -0.152834
    ],
    "45": [
        -0.154624
    ],
    "46": [
        -2.889173
    ],
    "47": [
        -0.157407
    ],
    "48": [
        -0.204228
    ],
    "49": [
        -0.290497
    ],
    "50": [
        -0.369349
    ],
    "51": [
        -0.185623
    ],
    "52": [
        -0.226594
    ],
    "53": [
        -0.267904
    ],
    "54": [
        -0.309835
    ],
    "55": [
        -0.078699
    ],
    "56": [
        -0.118967
    ],
    "57": [
        -0.132233
    ],
    "58": [
        -0.133974
    ],
    "59": [
        -0.124465
    ],
    "60": [
        -0.125796
    ],
    "61": [
        -0.127053
    ],
    "62": [
        -0.128259
    ],
    "63": [
        -0.129426
    ],
    "64": [
        -0.143627
    ],
    "65": [
        -0.131677
    ],
    "66": [
        -0.132769
    ],
    "67": [
        -0.133845
    ],
    "68": [
        -0.134905
    ],
    "69": [
        -0.135953
    ],
    "70": [
        -0.136989
    ],
    "71": [
        -0.155112
    ],
    "72": [
        -0.166465
    ],
    "73": [
        -0.174814
    ],
    "74": [
        -0.181413
    ],
    "75": [
        -0.186859
    ],
    "76": [
        -0.191489
    ],
    "77": [
        -0.195511
    ],
    "78": [
        -0.161308
    ],
    "79": [
        -0.162334
    ],
    "80": [
        -0.205137
    ],
    "81": [
        -0.28502
    ],
    "82": [
        -0.357187
    ],
    "83": [
        -0.180198
    ],
    "84": [
        -0.217889
    ],
    "85": [
        -0.255453
    ],
    "86": [
        -0.29318
    ],
    "87": [
        -0.076176
    ],
    "88": [
        -0.113732
    ],
    "89": [
        -0.126551
    ],
    "90": [
        -0.135872
    ],
    "91": [
        -0.129653
    ],
    "92": [
        -0.130948
    ],
    "-1": [
        0
    ]
}