{
    "47": [
        1.45,
        11,
        5,
        "0.137189232",
        "-0.142056973",
        "-0.142056973",
        "0",
        "1",
        "1",
        "0",
        "0",
        "0"
    ],
    "13": [
        1.21,
        13,
        3,
        "0.109529223",
        "-0.188153558",
        "-0.188153558",
        "0",
        "2",
        "2",
        "0",
        "0",
        "0"
    ],
    "33": [
        1.19,
        15,
        4,
        "0.725170593",
        "-0.290728232",
        "-0.290728232",
        "0",
        "2",
        "2",
        "0",
        "0",
        "0"
    ],
    "79": [
        1.36,
        11,
        6,
        "0.250899194",
        "-0.162359437",
        "-0.162359437",
        "0",
        "1",
        "1",
        "0",
        "0",
        "0"
    ],
    "5": [
        0.84,
        13,
        2,
        "0.403603868",
        "-0.214124423",
        "-0.214124423",
        "0",
        "2",
        "2",
        "0",
        "0",
        "0"
    ],
    "56": [
        2.15,
        2,
        6,
        "0.353715054",
        "-0.116096393",
        "-0.586423799",
        "0",
        "2",
        "2",
        "0",
        "0",
        "0"
    ],
    "4": [
        0.96,
        2,
        2,
        "0.055484198",
        "-0.161927653",
        "-1.712952791",
        "0",
        "2",
        "2",
        "0",
        "0",
        "0"
    ],
    "35": [
        1.2,
        17,
        4,
        "0.09020095",
        "-0.382736052",
        "-0.382736052",
        "0",
        "2",
        "2",
        "0",
        "0",
        "0"
    ],
    "6": [
        0.76,
        14,
        2,
        "0.202435877",
        "-0.252793985",
        "-0.252793985",
        "0",
        "2",
        "2",
        "0",
        "0",
        "0"
    ],
    "20": [
        1.76,
        2,
        4,
        "0.180052578",
        "-0.127333278",
        "-0.808660214",
        "0",
        "2",
        "2",
        "0",
        "0",
        "0"
    ],
    "48": [
        1.44,
        12,
        5,
        "0.159892853",
        "-0.160450728",
        "-0.160450728",
        "0",
        "2",
        "2",
        "0",
        "0",
        "0"
    ],
    "17": [
        1.02,
        17,
        3,
        "0.378794433",
        "-0.392002305",
        "-0.392002305",
        "0",
        "2",
        "2",
        "0",
        "0",
        "0"
    ],
    "55": [
        2.44,
        1,
        6,
        "0.454933921",
        "-0.09851037",
        "-0.481445659",
        "0",
        "1",
        "2",
        "0",
        "0",
        "0"
    ],
    "29": [
        1.32,
        11,
        4,
        "0.082642522",
        "-0.146470324",
        "-0.146470324",
        "0",
        "1",
        "1",
        "0",
        "0",
        "0"
    ],
    "9": [
        0.57,
        17,
        2,
        "0.381014228",
        "-0.533251578",
        "-0.533251578",
        "0",
        "2",
        "2",
        "0",
        "0",
        "0"
    ],
    "31": [
        1.22,
        13,
        4,
        "0.189359764",
        "-0.207706225",
        "-0.207706225",
        "0",
        "2",
        "2",
        "0",
        "0",
        "0"
    ],
    "32": [
        1.2,
        14,
        4,
        "0.323753806",
        "-0.243974629",
        "-0.243974629",
        "0",
        "2",
        "2",
        "0",
        "0",
        "0"
    ],
    "1": [
        0.31,
        1,
        1,
        "8.582981789",
        "1.033378665",
        "1.033378665",
        "0",
        "1",
        "1",
        "0",
        "0",
        "0"
    ],
    "80": [
        1.32,
        12,
        6,
        "0.060611872",
        "-0.17957434",
        "-0.17957434",
        "0",
        "2",
        "2",
        "0",
        "0",
        "0"
    ],
    "53": [
        1.39,
        17,
        5,
        "1.172782412",
        "-0.338506824",
        "-0.338506824",
        "0",
        "2",
        "2",
        "0",
        "0",
        "0"
    ],
    "49": [
        1.42,
        13,
        5,
        "0.15817852",
        "-0.197442691",
        "-0.197442691",
        "0",
        "2",
        "2",
        "0",
        "0",
        "0"
    ],
    "19": [
        2.03,
        1,
        4,
        "0.078006457",
        "-0.102843326",
        "-0.621697651",
        "0",
        "1",
        "2",
        "0",
        "0",
        "0"
    ],
    "3": [
        1.28,
        1,
        2,
        "-0.024580391",
        "-0.102951429",
        "-0.873296022",
        "0",
        "1",
        "2",
        "0",
        "0",
        "0"
    ],
    "12": [
        1.41,
        2,
        3,
        "0.036455886",
        "-0.146916592",
        "-1.304570571",
        "0",
        "2",
        "2",
        "0",
        "0",
        "0"
    ],
    "7": [
        0.71,
        15,
        2,
        "0.148862309",
        "-0.350665422",
        "-0.350665422",
        "0",
        "2",
        "2",
        "0",
        "0",
        "0"
    ],
    "11": [
        1.66,
        1,
        3,
        "0.204315199",
        "-0.106574471",
        "-0.950485689",
        "0",
        "1",
        "2",
        "0",
        "0",
        "0"
    ],
    "8": [
        0.66,
        16,
        2,
        "0.293096077",
        "-0.437998134",
        "-0.437998134",
        "0",
        "2",
        "2",
        "0",
        "0",
        "0"
    ],
    "15": [
        1.07,
        15,
        3,
        "0.224611995",
        "-0.283497053",
        "-0.283497053",
        "0",
        "2",
        "2",
        "0",
        "0",
        "0"
    ],
    "37": [
        2.2,
        1,
        5,
        "-0.023766152",
        "-0.102377956",
        "-0.564856839",
        "0",
        "1",
        "2",
        "0",
        "0",
        "0"
    ],
    "16": [
        1.05,
        16,
        3,
        "0.150456153",
        "-0.335071652",
        "-0.335071652",
        "0",
        "2",
        "2",
        "0",
        "0",
        "0"
    ],
    "51": [
        1.39,
        15,
        5,
        "0.133256574",
        "-0.264975043",
        "-0.264975043",
        "0",
        "2",
        "2",
        "0",
        "0",
        "0"
    ],
    "34": [
        1.2,
        16,
        4,
        "0.485038118",
        "-0.33605235",
        "-0.33605235",
        "0",
        "2",
        "2",
        "0",
        "0",
        "0"
    ],
    "14": [
        1.11,
        14,
        3,
        "0.472639383",
        "-0.233955221",
        "-0.233955221",
        "0",
        "2",
        "2",
        "0",
        "0",
        "0"
    ],
    "38": [
        1.95,
        2,
        5,
        "4.257383107",
        "-0.119072493",
        "-0.695532751",
        "0",
        "2",
        "2",
        "0",
        "0",
        "0"
    ],
    "52": [
        1.38,
        16,
        5,
        "0.169537363",
        "-0.302379479",
        "-0.302379479",
        "0",
        "2",
        "2",
        "0",
        "0",
        "0"
    ],
    "81": [
        1.45,
        13,
        6,
        "0.391821428",
        "-0.216691199",
        "-0.216691199",
        "0",
        "2",
        "2",
        "0",
        "0",
        "0"
    ],
    "30": [
        1.22,
        12,
        4,
        "0.18722981",
        "-0.166292935",
        "-0.166292935",
        "0",
        "2",
        "2",
        "0",
        "0",
        "0"
    ],
    "-1": [
        0,
        0,
        0,
        0,
        0,
        0,
        0,
        0,
        0,
        0,
        0,
        0
    ]
}