{
    "1": [
        -0.233471,
        0
    ],
    "2": [
        -0.570425,
        0
    ],
    "3": [
        -0.10554,
        0
    ],
    "4": [
        -0.205744,
        0
    ],
    "5": [
        -0.344701,
        -0.136603
    ],
    "6": [
        -0.500866,
        -0.199186
    ],
    "7": [
        -0.676151,
        -0.266297
    ],
    "8": [
        -0.871362,
        -0.338381
    ],
    "9": [
        -1.086859,
        -0.415606
    ],
    "10": [
        -1.322809,
        -0.498034
    ],
    "11": [
        -0.103415,
        -1.060636
    ],
    "12": [
        -0.175427,
        -1.71897
    ],
    "13": [
        -0.286883,
        -0.102545
    ],
    "14": [
        -0.398139,
        -0.153293
    ],
    "15": [
        -0.512364,
        -0.20608
    ],
    "16": [
        -0.630912,
        -0.261676
    ],
    "17": [
        -0.754458,
        -0.32038
    ],
    "18": [
        -0.883384,
        -0.38233
    ],
    "19": [
        -0.088815,
        -0.693776
    ],
    "20": [
        -0.141411,
        -1.030572
    ],
    "21": [
        -0.156478,
        -1.233165
    ],
    "22": [
        -0.167106,
        -1.422947
    ],
    "23": [
        -0.175968,
        -1.610516
    ],
    "24": [
        -0.150445,
        -1.65423
    ],
    "25": [
        -0.191136,
        -1.99145
    ],
    "26": [
        -0.197978,
        -2.187523
    ],
    "27": [
        -0.204497,
        -2.388285
    ],
    "28": [
        -0.210764,
        -2.594158
    ],
    "29": [
        -0.172056,
        -2.609244
    ],
    "30": [
        -0.222725,
        -3.022363
    ],
    "31": [
        -0.328019,
        -0.101634
    ],
    "32": [
        -0.426523,
        -0.149882
    ],
    "33": [
        -0.52367,
        -0.197497
    ],
    "34": [
        -0.621248,
        -0.245806
    ],
    "35": [
        -0.720066,
        -0.295334
    ],
    "36": [
        -0.820574,
        -0.34634
    ],
    "37": [
        -0.085375,
        -0.59217
    ],
    "38": [
        -0.131793,
        -0.844489
    ],
    "39": [
        -0.150727,
        -1.02449
    ],
    "40": [
        -0.162391,
        -1.186597
    ],
    "41": [
        -0.144272,
        -1.250049
    ],
    "42": [
        -0.14788,
        -1.39005
    ],
    "43": [
        -0.183636,
        -1.64323
    ],
    "44": [
        -0.152834,
        -1.667549
    ],
    "45": [
        -0.154624,
        -1.806456
    ],
    "46": [
        -2.889173,
        -1.815215
    ],
    "47": [
        -0.157407,
        -2.086602
    ],
    "48": [
        -0.204228,
        -2.39526
    ],
    "49": [
        -0.290497,
        -0.101782
    ],
    "50": [
        -0.369349,
        -0.14445
    ],
    "51": [
        -0.445605,
        -0.185623
    ],
    "52": [
        -0.520997,
        -0.226594
    ],
    "53": [
        -0.596339,
        -0.267904
    ],
    "54": [
        -0.672086,
        -0.309835
    ],
    "55": [
        -0.078699,
        -0.504903
    ],
    "56": [
        -0.118967,
        -0.698605
    ],
    "57": [
        -0.132233,
        -0.824498
    ],
    "58": [
        -0.133974,
        -0.85011
    ],
    "59": [
        -0.124465,
        -0.778046
    ],
    "60": [
        -0.125796,
        -0.798503
    ],
    "61": [
        -0.127053,
        -0.817702
    ],
    "62": [
        -0.128259,
        -0.835987
    ],
    "63": [
        -0.129426,
        -0.853575
    ],
    "64": [
        -0.143627,
        -0.978749
    ],
    "65": [
        -0.131677,
        -0.88723
    ],
    "66": [
        -0.132769,
        -0.90349
    ],
    "67": [
        -0.133845,
        -0.919463
    ],
    "68": [
        -0.134905,
        -0.935202
    ],
    "69": [
        -0.135953,
        -0.950748
    ],
    "70": [
        -0.136989,
        -0.966137
    ],
    "71": [
        -0.155112,
        -1.111991
    ],
    "72": [
        -0.166465,
        -1.246441
    ],
    "73": [
        -0.174814,
        -1.37653
    ],
    "74": [
        -0.181413,
        -1.504457
    ],
    "75": [
        -0.186859,
        -1.631227
    ],
    "76": [
        -0.191489,
        -1.757404
    ],
    "77": [
        -0.195511,
        -1.883349
    ],
    "78": [
        -0.161308,
        -1.884256
    ],
    "79": [
        -0.162334,
        -2.002495
    ],
    "80": [
        -0.205137,
        -2.261975
    ],
    "81": [
        -0.28502,
        -0.101507
    ],
    "82": [
        -0.357187,
        -0.141831
    ],
    "83": [
        -0.426129,
        -0.180198
    ],
    "84": [
        -0.493528,
        -0.217889
    ],
    "85": [
        -0.560189,
        -0.255453
    ],
    "86": [
        -0.62657,
        -0.29318
    ],
    "87": [
        -0.076176,
        -0.466197
    ],
    "88": [
        -0.113732,
        -0.634674
    ],
    "89": [
        -0.126551,
        -0.744524
    ],
    "90": [
        -0.135872,
        -0.846921
    ],
    "91": [
        -0.129653,
        -0.799756
    ],
    "92": [
        -0.130948,
        -0.822538
    ],
    "-1": [
        0,
        0
    ]
}