{
    "1": [
        -0.233471,
        0,
        1,
        0,
        1,
        1,
        0,
        0,
        0,
        1,
        0,
        0,
        0,
        0,
        0,
        0
    ],
    "2": [
        -0.570425,
        0,
        2,
        0,
        1,
        0,
        1,
        0,
        0,
        1,
        0,
        0,
        0,
        0,
        0,
        0
    ],
    "3": [
        -0.10554,
        0,
        1,
        0,
        1,
        1,
        0,
        0,
        0,
        0,
        1,
        0,
        0,
        0,
        0,
        0
    ],
    "4": [
        -0.205744,
        0,
        2,
        0,
        1,
        1,
        0,
        0,
        0,
        0,
        1,
        0,
        0,
        0,
        0,
        0
    ],
    "5": [
        -0.344701,
        -0.136603,
        2,
        1,
        1,
        0,
        1,
        0,
        0,
        0,
        1,
        0,
        0,
        0,
        0,
        0
    ],
    "6": [
        -0.500866,
        -0.199186,
        2,
        2,
        1,
        0,
        1,
        0,
        0,
        0,
        1,
        0,
        0,
        0,
        0,
        0
    ],
    "7": [
        -0.676151,
        -0.266297,
        2,
        3,
        1,
        0,
        1,
        0,
        0,
        0,
        1,
        0,
        0,
        0,
        0,
        0
    ],
    "8": [
        -0.871362,
        -0.338381,
        2,
        4,
        1,
        0,
        1,
        0,
        0,
        0,
        1,
        0,
        0,
        0,
        0,
        0
    ],
    "9": [
        -1.086859,
        -0.415606,
        2,
        5,
        1,
        0,
        1,
        0,
        0,
        0,
        1,
        0,
        0,
        0,
        0,
        0
    ],
    "10": [
        -1.322809,
        -0.498034,
        2,
        6,
        1,
        0,
        1,
        0,
        0,
        0,
        1,
        0,
        0,
        0,
        0,
        0
    ],
    "11": [
        -0.103415,
        -1.060636,
        1,
        0,
        1,
        1,
        0,
        0,
        0,
        0,
        0,
        1,
        0,
        0,
        0,
        0
    ],
    "12": [
        -0.175427,
        -1.71897,
        2,
        0,
        1,
        1,
        0,
        0,
        0,
        0,
        0,
        1,
        0,
        0,
        0,
        0
    ],
    "13": [
        -0.286883,
        -0.102545,
        2,
        1,
        1,
        0,
        1,
        0,
        0,
        0,
        0,
        1,
        0,
        0,
        0,
        0
    ],
    "14": [
        -0.398139,
        -0.153293,
        2,
        2,
        1,
        0,
        1,
        0,
        0,
        0,
        0,
        1,
        0,
        0,
        0,
        0
    ],
    "15": [
        -0.512364,
        -0.20608,
        2,
        3,
        1,
        0,
        1,
        0,
        0,
        0,
        0,
        1,
        0,
        0,
        0,
        0
    ],
    "16": [
        -0.630912,
        -0.261676,
        2,
        4,
        1,
        0,
        1,
        0,
        0,
        0,
        0,
        1,
        0,
        0,
        0,
        0
    ],
    "17": [
        -0.754458,
        -0.32038,
        2,
        5,
        1,
        0,
        1,
        0,
        0,
        0,
        0,
        1,
        0,
        0,
        0,
        0
    ],
    "18": [
        -0.883384,
        -0.38233,
        2,
        6,
        1,
        0,
        1,
        0,
        0,
        0,
        0,
        1,
        0,
        0,
        0,
        0
    ],
    "19": [
        -0.088815,
        -0.693776,
        1,
        0,
        1,
        1,
        0,
        0,
        0,
        0,
        0,
        0,
        1,
        0,
        0,
        0
    ],
    "20": [
        -0.141411,
        -1.030572,
        2,
        0,
        1,
        1,
        0,
        0,
        0,
        0,
        0,
        0,
        1,
        0,
        0,
        0
    ],
    "21": [
        -0.156478,
        -1.233165,
        2,
        0,
        0,
        0,
        0,
        1,
        0,
        0,
        0,
        0,
        1,
        0,
        0,
        0
    ],
    "22": [
        -0.167106,
        -1.422947,
        2,
        0,
        0,
        0,
        0,
        1,
        0,
        0,
        0,
        0,
        1,
        0,
        0,
        0
    ],
    "23": [
        -0.175968,
        -1.610516,
        2,
        0,
        0,
        0,
        0,
        1,
        0,
        0,
        0,
        0,
        1,
        0,
        0,
        0
    ],
    "24": [
        -0.150445,
        -1.65423,
        1,
        0,
        0,
        0,
        0,
        1,
        0,
        0,
        0,
        0,
        1,
        0,
        0,
        0
    ],
    "25": [
        -0.191136,
        -1.99145,
        2,
        0,
        0,
        0,
        0,
        1,
        0,
        0,
        0,
        0,
        1,
        0,
        0,
        0
    ],
    "26": [
        -0.197978,
        -2.187523,
        2,
        0,
        0,
        0,
        0,
        1,
        0,
        0,
        0,
        0,
        1,
        0,
        0,
        0
    ],
    "27": [
        -0.204497,
        -2.388285,
        2,
        0,
        0,
        0,
        0,
        1,
        0,
        0,
        0,
        0,
        1,
        0,
        0,
        0
    ],
    "28": [
        -0.210764,
        -2.594158,
        2,
        0,
        0,
        0,
        0,
        1,
        0,
        0,
        0,
        0,
        1,
        0,
        0,
        0
    ],
    "29": [
        -0.172056,
        -2.609244,
        1,
        0,
        0,
        0,
        0,
        1,
        0,
        0,
        0,
        0,
        1,
        0,
        0,
        0
    ],
    "30": [
        -0.222725,
        -3.022363,
        2,
        0,
        0,
        0,
        0,
        1,
        0,
        0,
        0,
        0,
        1,
        0,
        0,
        0
    ],
    "31": [
        -0.328019,
        -0.101634,
        2,
        1,
        0,
        0,
        1,
        0,
        0,
        0,
        0,
        0,
        1,
        0,
        0,
        0
    ],
    "32": [
        -0.426523,
        -0.149882,
        2,
        2,
        0,
        0,
        1,
        0,
        0,
        0,
        0,
        0,
        1,
        0,
        0,
        0
    ],
    "33": [
        -0.52367,
        -0.197497,
        2,
        3,
        0,
        0,
        1,
        0,
        0,
        0,
        0,
        0,
        1,
        0,
        0,
        0
    ],
    "34": [
        -0.621248,
        -0.245806,
        2,
        4,
        0,
        0,
        1,
        0,
        0,
        0,
        0,
        0,
        1,
        0,
        0,
        0
    ],
    "35": [
        -0.720066,
        -0.295334,
        2,
        5,
        0,
        0,
        1,
        0,
        0,
        0,
        0,
        0,
        1,
        0,
        0,
        0
    ],
    "36": [
        -0.820574,
        -0.34634,
        2,
        6,
        0,
        0,
        1,
        0,
        0,
        0,
        0,
        0,
        1,
        0,
        0,
        0
    ],
    "37": [
        -0.085375,
        -0.59217,
        1,
        0,
        0,
        1,
        0,
        0,
        0,
        0,
        0,
        0,
        0,
        1,
        0,
        0
    ],
    "38": [
        -0.131793,
        -0.844489,
        2,
        0,
        0,
        1,
        0,
        0,
        0,
        0,
        0,
        0,
        0,
        1,
        0,
        0
    ],